first name,last name,contact_id,email
Cecilia,Velasco,4661,cecilia.velasco@rodrigues.fr
Mariana,Ellis,3765,mariana.ellis@rossi.org
Sofie,Woods,4187,sofie.woods@riviere.com
Jeanette,Iannotti,4941,jeanette.iannotti@yahoo.com
Samuel,Sorgatz,2199,samuel.sorgatz@gmail.com
Socorro,Luna,5650,socorro.luna@hotmail.com
Carolina,Murray,5889,carolina.murray@knight.com
Kayla,Moon,4842,kayla.moon@yahoo.de
Ariadna,Geisel,3280,ariadna.geisel@rangel.com
Danielle,Ladeck,5468,danielle.ladeck@scalfaro.net
Tatiana,Thompson,3064,tatiana.thompson@hunt.net
Caleb,Benavides,4904,caleb.benavides@rubio.com
Sandra,Hardy,1299,sandra.hardy@web.de
Lotti,Morris,5602,lotti.morris@yahoo.co.uk
Reinhilde,White,5753,reinhilde.white@voila.fr
Kerry,Patel,4495,kerry.patel@hutchinson.com
Sophie,Antoine,4269,sophie.antoine@andersen.com
Martha,Girard,2226,martha.girard@web.de
Stephanie,King,1558,stephanie.king@cervantes.com
Amanda,Palmer,2307,amanda.palmer@didier.fr
Lina,Alcala,2900,lina.alcala@vespa.net
Itzel,Murphy,5695,itzel.murphy@muelichen.de
Filippo,Parry,5708,filippo.parry@live.com
Katelyn,Cole,1663,katelyn.cole@fiebig.com
Brian,Novak,3605,brian.novak@ford.net
Cilly,Gay,4678,cilly.gay@callegaro.it
Yolanda,Snyder,2251,yolanda.snyder@gmx.de
Evelin,Odonnell,6202,evelin.odonnell@ibarra.net
Ingeborg,Alba,3715,ingeborg.alba@hotmail.com
Marina,Madrid,4242,marina.madrid@galarza-alba.com
Sheila,Goodwin,4326,sheila.goodwin@yahoo.com
Valeria,Rich,5560,valeria.rich@turchetta-mondadori.it
Dustin,Camacho,4002,dustin.camacho@rhodes.org.au
Amalia,Marenzio,3813,amalia.marenzio@grupo.com
Gian,Long,5336,gian.long@hotmail.com
Stewart,Hunt,4994,stewart.hunt@anderson-vargas.biz
Greca,Ruiz,1471,greca.ruiz@carr.co.uk
Gerald,Olivera,4482,gerald.olivera@outlook.com
Jaqueline,Wallace,3241,jaqueline.wallace@gmail.com
John,Lane,3477,john.lane@gregoire.fr
Pero,Joly,2265,pero.joly@bernard.net
Chad,Turner,5911,chad.turner@gmail.com
Adam,Zavala,2288,adam.zavala@guichard.fr
Tyler,Rivera,4064,tyler.rivera@guajardo-ozuna.com
Jens,Graham,1294,jens.graham@jones-buckley.com
Virginia,Caetani,5008,virginia.caetani@sosa.biz
Martino,Wagner,3604,martino.wagner@laposte.net
Martin,Meyer,3263,martin.meyer@davis.co.uk
Marguerite,Walls,5631,marguerite.walls@martinez.fr
Peter,Vogt,2851,peter.vogt@yahoo.com
Nicholas,Christian,3714,nicholas.christian@hotmail.de
Susi,Steinberg,1664,susi.steinberg@preiss.com
Tammy,Ramazzotti,5027,tammy.ramazzotti@gmail.com
Abdul,Thomas,3070,abdul.thomas@vasari.com
Justin,Luxardo,4248,justin.luxardo@googlemail.com
Antonio,Gibson,2034,antonio.gibson@faust.net
Jeremy,Gomez,4085,jeremy.gomez@oconnor.org
Raymond,Solorzano,3569,raymond.solorzano@gmail.com
Flora,Harris,3889,flora.harris@hotmail.com.au
Cheryl,Boyd,3136,cheryl.boyd@segni.it
Rhys,Leiva,2103,rhys.leiva@gmx.de
Mariano,Prieto,2329,mariano.prieto@vodafone.it
Laurie,Fibonacci,3325,laurie.fibonacci@gmail.com
David,Rudolph,3131,david.rudolph@nelson.com
Bryan,Ross,4995,bryan.ross@yahoo.com
Ubaldo,Brown,3631,ubaldo.brown@philippe.com
Clelia,Faulkner,5373,clelia.faulkner@hotmail.com
Sara,Erickson,3126,sara.erickson@yahoo.de
Rupert,Valle,2194,rupert.valle@filogamo.it
Puccio,Kitzmann,2906,puccio.kitzmann@yahoo.com
Thomas,Hutchinson,2611,thomas.hutchinson@gmx.de
Abelardo,Castro,2374,abelardo.castro@gmail.com
Greco,Walker,3254,greco.walker@yahoo.com
Miranda,Lacombe,3571,miranda.lacombe@longoria-vanegas.net
Diana,Schuchhardt,2812,diana.schuchhardt@libero.it
Stacey,Knox,3961,stacey.knox@corporacin.com
Glen,Faivre,3872,glen.faivre@yahoo.com
Andrew,Torres,4736,andrew.torres@ruiz-torres.org
Denny,Fritz,5119,denny.fritz@despacho.biz
Martyn,Caldera,5725,martyn.caldera@hotmail.co.uk
Abigail,Foster,4037,abigail.foster@taylor.net
Anthony,Hauffer,2109,anthony.hauffer@tlustek.org
Roger,Gerlach,3283,roger.gerlach@may-mitchell.co.uk
Christopher,Poirier,6181,christopher.poirier@hotmail.com
Branka,Traore,3251,branka.traore@jacobi.com
Briana,Etienne,3443,briana.etienne@bishop-coates.com
Brandon,Olson,2988,brandon.olson@prince-moreno.net
Celia,Ungaretti,1673,celia.ungaretti@fox.com
Barbara,Guibert,2085,barbara.guibert@casares-sanches.com
Daniela,Bell,1672,daniela.bell@vollbrecht.org
Phyllis,Gurule,4426,phyllis.gurule@rodriguez-pham.com
Alejandra,Joseph,3211,alejandra.joseph@escalante-abrego.biz
Giulio,Bohlander,3190,giulio.bohlander@dbmail.com
Amber,Weller,2081,amber.weller@toso.eu
Mary,Etzold,3185,mary.etzold@conrad-harrison.com
Amy,Georges,5044,amy.georges@raedel.de
Jennifer,Giraud,1883,jennifer.giraud@yahoo.com
Rosie,Peltier,2067,rosie.peltier@voila.fr
Oreste,Ward,4604,oreste.ward@proyectos.com
Luis,Edwards,3203,luis.edwards@live.com
Fiona,Griffiths,5758,fiona.griffiths@curatoli-verdone.it
Sally,Raya,5755,sally.raya@tarchetti.it
Carolyn,Charpentier,5150,carolyn.charpentier@hotmail.de
Nathalie,Alvarez,4181,nathalie.alvarez@live.com
Abril,Lowery,3006,abril.lowery@novak.net
Ottone,Sullivan,4865,ottone.sullivan@hussain-kaur.com
Esmeralda,Sollima,2862,esmeralda.sollima@visintini.it
Silvia,Gierschner,6070,silvia.gierschner@tele2.it
Kyle,Cunningham,5300,kyle.cunningham@voila.fr
Anel,Carpentier,3486,anel.carpentier@klein-joseph.org
Sarah,Davis,5989,sarah.davis@david.com
Luke,Klein,2849,luke.klein@hotmail.com
Gudrun,Mueller,1612,gudrun.mueller@dillon-fuller.info
Melissa,Canali,3307,melissa.canali@libero.it
Gabrielle,Ayala,5288,gabrielle.ayala@hotmail.com
Laura,Buckley,6026,laura.buckley@ryan.org
Wilfrido,Lorch,2212,wilfrido.lorch@leclerc.fr
Robert,Bruder,4591,robert.bruder@manzoni.com
Phillip,Soliz,2771,phillip.soliz@outlook.com
Alex,Smith,5682,alex.smith@fournier.fr
Jessica,Martinez,5368,jessica.martinez@salieri.com
Kelly,Carter,3706,kelly.carter@hotmail.com.au
Ahmad,Sosa,4034,ahmad.sosa@gmail.com
Toralf,Iglesias,3209,toralf.iglesias@borrego.com
Irene,Anichini,2384,irene.anichini@yahoo.com
Alicia,Cainero,3074,alicia.cainero@yahoo.com
Tracey,Laboy,2031,tracey.laboy@bell.biz
Donald,Reynaud,5873,donald.reynaud@green.edu.au
Venancio,Stadelmann,5501,venancio.stadelmann@gmx.de
Seth,Olivier,3489,seth.olivier@yahoo.com
Dennis,Boaga,4210,dennis.boaga@gmx.de
Pedro,Wilson,6151,pedro.wilson@outlook.com
Roland,Weihmann,6047,roland.weihmann@gmail.com
Hector,Morrison,5445,hector.morrison@web.de
Evangelos,Peters,5493,evangelos.peters@sanchez.net
Gerardo,Hamilton,6036,gerardo.hamilton@libero.it
Meta,Cuzzocrea,2368,meta.cuzzocrea@howard-jensen.org
Alma,Raymond,1501,alma.raymond@tin.it
Kathleen,Solimena,4351,kathleen.solimena@wallace.biz
Zacharie,Cordier,3096,zacharie.cordier@gmail.com
Riza,Techer,6162,riza.techer@yahoo.com
Enrique,Guillen,1433,enrique.guillen@hotmail.co.uk
Tristan,Weeks,2720,tristan.weeks@pena.com
Natalie,Lerma,5251,natalie.lerma@boucher.com
Rodney,Hamon,1797,rodney.hamon@hotmail.com
Adalberto,Lombardo,1656,adalberto.lombardo@sfr.fr
Florencia,Querini,1346,florencia.querini@gmail.com
Liam,Rolland,2989,liam.rolland@yahoo.fr
Ian,Kelly,5629,ian.kelly@reeves.com.au
Mehdi,Todd,3456,mehdi.todd@web.de
Rembrandt,Liguori,3229,rembrandt.liguori@davis.org
Irmi,Schweitzer,2277,irmi.schweitzer@ozuna.com
Gioffre,Stein,1276,gioffre.stein@hotmail.com.au
Frida,Villarreal,3694,frida.villarreal@hotmail.de
Steffen,Mangold,2260,steffen.mangold@paul.net
Elias,Marin,5374,elias.marin@herve.net
Roman,Gonzalez,4420,roman.gonzalez@anderson.net
Reina,Middleton,3849,reina.middleton@hotmail.com
Sandro,Moran,1638,sandro.moran@hotmail.de
Gebhard,Thanel,5230,gebhard.thanel@gmail.com
Antonino,Bolander,1763,antonino.bolander@gmail.com
Karl,Trevisani,4323,karl.trevisani@anguissola.it
Silvester,Brookes,5256,silvester.brookes@franco.org
Octavio,Pratt,4836,octavio.pratt@web.de
Rebecca,Greer,5981,rebecca.greer@hotmail.com
Pierina,Gaggini,1463,pierina.gaggini@free.fr
Robin,Schleich,4577,robin.schleich@rogers-barrera.biz
Sergio,Abbott,4951,sergio.abbott@moore.net.au
Gilberto,Evans,3567,gilberto.evans@salcedo-archuleta.net
James,Elliott,5475,james.elliott@gmail.com
Timoteo,Bolnbach,2114,timoteo.bolnbach@laboratorios.com
Tonino,Stanley,5216,tonino.stanley@hotmail.com
Margaretha,Murialdo,1665,margaretha.murialdo@meunier.com
Bianca,Drubin,6051,bianca.drubin@libero.it
Kaylee,Hoffmann,3983,kaylee.hoffmann@poulain.com
Teresa,Vecellio,2966,teresa.vecellio@yahoo.com
Emine,Tacchini,4478,emine.tacchini@dbmail.com
Dawn,Cortez,4238,dawn.cortez@gmail.com
Emily,Cundari,4404,emily.cundari@clark.com.au
Eleanor,Hall,5666,eleanor.hall@hotmail.com
Monique,Delgadillo,3691,monique.delgadillo@hotmail.co.uk
Arnaude,Warner,2703,arnaude.warner@gmail.com
Jason,Howell,4253,jason.howell@gmx.de
Nicole,Mccullough,5652,nicole.mccullough@hall.com
Rosmarie,Esquibel,3279,rosmarie.esquibel@bouygtel.fr
Leonor,Ferreira,3233,leonor.ferreira@gmail.com
Brett,Jones,3017,brett.jones@alice.it
Nino,Bien,3482,nino.bien@gmail.com
Jemma,Tate,2166,jemma.tate@hotmail.de
Denis,Rogers,4146,denis.rogers@poste.it
Vanesa,Khan,2651,vanesa.khan@voila.fr
Victoria,Ojeda,1409,victoria.ojeda@doehn.com
Eugenio,Martin,3717,eugenio.martin@yahoo.de
Nancy,Hayes,3963,nancy.hayes@hotmail.com
Lara,Jacob,2152,lara.jacob@buckley.org
Gino,Hernandez,2974,gino.hernandez@covarrubias.com
Vicente,Tijerina,1268,vicente.tijerina@montanariello.com
Michele,Brambilla,1822,michele.brambilla@yahoo.com
Dana,Ritacca,5066,dana.ritacca@gmail.com
Mitchell,Bachmann,5075,mitchell.bachmann@suarez-cruz.com
Vincenza,Key,3855,vincenza.key@adams.com
Salvador,Gaillard,5923,salvador.gaillard@yahoo.de
Diane,Rogner,1867,diane.rogner@kelly.co.uk
Josette,Laine,4376,josette.laine@saracino-parisi.net
Courtney,Fiebig,2785,courtney.fiebig@doerschner.com
Hugues,Oliver,5884,hugues.oliver@stiffel.com
Espartaco,Willis,2441,espartaco.willis@hotmail.com
Flavia,Yoder,1243,flavia.yoder@hotmail.de
Casey,Flores,3411,casey.flores@baggio.org
Calogero,Cross,2467,calogero.cross@mercantini.it
Charles,Begum,1850,charles.begum@laboratorios.info
Adina,Pollard,2604,adina.pollard@outlook.com
Natasha,Lara,1693,natasha.lara@outlook.com
Benita,Pottier,2969,benita.pottier@sfr.fr
Elizabeth,Valdivia,1544,elizabeth.valdivia@gmail.com
Mattia,Huet,4149,mattia.huet@aol.de
Geza,Howard,3463,geza.howard@voila.fr
Lauren,Guillaume,2939,lauren.guillaume@sorgatz.org
Joanna,Baxter,2202,joanna.baxter@bruce-wright.com
Tracy,Metz,1728,tracy.metz@bryant.info
Birgit,Pena,5362,birgit.pena@armellini.it
Elvira,Papafava,4840,elvira.papafava@ifrance.com
Ernest,Delorme,2955,ernest.delorme@dowerg.de
Christy,Grossi,5354,christy.grossi@alarcon-tafoya.com
Hermelinda,Olmos,3847,hermelinda.olmos@portillo.com
Herbert,Fraser,3025,herbert.fraser@holloway.org.au
Giancarlo,Heydrich,1615,giancarlo.heydrich@hotmail.com
Constance,Maldonado,5154,constance.maldonado@spiess.net
Giampiero,Carlier,5005,giampiero.carlier@hotmail.com
Carlo,Jacquot,1349,carlo.jacquot@hotmail.com
Gabriel,Robles,3670,gabriel.robles@yahoo.com
Gerd,Gunpf,2912,gerd.gunpf@gmail.com
Ashley,Hellwig,4336,ashley.hellwig@libero.it
Patrick,Rosas,5576,patrick.rosas@yahoo.com
Lilla,Leonard,2736,lilla.leonard@jungfer.com
Tony,Nicolas,3321,tony.nicolas@morrocco-seddio.net
Allegra,Benedetti,3353,allegra.benedetti@miller.com
Camille,Tafuri,2336,camille.tafuri@aol.de
Juan,Wheeler,4369,juan.wheeler@gilmore.net
Leopoldo,Johnson,4464,leopoldo.johnson@hotmail.com.au
Dietmar,Grenier,5626,dietmar.grenier@tele2.it
Leonid,Scholl,1669,leonid.scholl@collin.com
Olivie,Contarini,5544,olivie.contarini@marshall-wright.biz
Jeffery,Lacroix,6078,jeffery.lacroix@medina.org
Edeltraud,Chavez,2580,edeltraud.chavez@hotmail.com.au
Mesut,Morvan,3592,mesut.morvan@gmail.com
Gregory,Jackson,4914,gregory.jackson@ortiz.com
Nicola,Rossi,3848,nicola.rossi@berry.org
Eddie,Collazo,2619,eddie.collazo@gmail.com
Philippe,Gardner,4605,philippe.gardner@howells-jones.net
Roy,Fox,6147,roy.fox@tejeda.com
Heiderose,Garcia,1383,heiderose.garcia@noos.fr
Claudine,Rowley,1757,claudine.rowley@industrias.com
Astrid,Roht,4390,astrid.roht@fastwebnet.it
Auguste,Burnett,4165,auguste.burnett@yahoo.fr
Pellegrino,Allen,4529,pellegrino.allen@gmail.com
Angela,Bowers,6084,angela.bowers@laboratorios.com
Michael,Descamps,2916,michael.descamps@gmail.com
Heidelore,Kennedy,2005,heidelore.kennedy@guinizzelli.org
Lucrezia,Koch,2261,lucrezia.koch@petit.com
Ivan,Accardo,5342,ivan.accardo@web.de
Karen,Avogadro,4087,karen.avogadro@yahoo.com
Laetitia,Gallet,2761,laetitia.gallet@aubry.org
Amico,Gosselin,2908,amico.gosselin@shaw.info
Ilaria,Bowen,2155,ilaria.bowen@hotmail.it
Marlen,Coardi,5642,marlen.coardi@colletti.eu
Rafael,Alexander,6217,rafael.alexander@jenkins.com
Herma,Gabbana,4222,herma.gabbana@hotmail.com
Zachary,Vespucci,4798,zachary.vespucci@industrias.com
Marisol,Richard,5660,marisol.richard@gmail.com
Joseph,Glover,5000,joseph.glover@laposte.net
Lauretta,Neal,2809,lauretta.neal@hotmail.de
Simone,Sauvage,3349,simone.sauvage@yahoo.com
Ramona,Brooks,3647,ramona.brooks@kensy.de
Gioele,Schwital,5745,gioele.schwital@moody.com
Elena,Jimenez,2583,elena.jimenez@yahoo.com.au
Pam,Vargas,5441,pam.vargas@guillot.net
Alison,Morales,2090,alison.morales@lewis.com
Marc,Aumann,3386,marc.aumann@holland.com
Carla,Butler,1816,carla.butler@yahoo.com
Dionigi,Bruce,4718,dionigi.bruce@industrias.com
Frank,Henry,1677,frank.henry@yahoo.com
Brent,Pons,4218,brent.pons@proyectos.net
Patricia,Liebelt,4548,patricia.liebelt@baca.org
Micheletto,Sykes,1431,micheletto.sykes@thompson-thompson.com
Rose,Blanc,2830,rose.blanc@grupo.com
Vincent,Singh,4400,vincent.singh@gmail.com
Jamie,Peacock,5773,jamie.peacock@interiano-nordio.com
Giorgia,Dijoux,4161,giorgia.dijoux@paul.com
Serena,Piacentini,2062,serena.piacentini@yahoo.de
Dimitri,Posada,3458,dimitri.posada@gmail.com
Alexa,Barillaro,3174,alexa.barillaro@ramos.net
Megan,Kuhl,5565,megan.kuhl@despacho.com
Kaitlyn,Farinelli,1906,kaitlyn.farinelli@outlook.com
Jonathan,Castellitto,5479,jonathan.castellitto@libero.it
Lisa,Terragni,4320,lisa.terragni@proyectos.com
Olivier,Petrucelli,4213,olivier.petrucelli@letta-raurica.eu
Jos,Trobbiani,3373,jos.trobbiani@samson.com
Mirjam,Dawson,4184,mirjam.dawson@yahoo.com
Javier,Tessier,5472,javier.tessier@mclaughlin.biz
Mirjana,Collins,5559,mirjana.collins@hotmail.com
Vanessa,Tschentscher,5419,vanessa.tschentscher@mitchell.com
Antonina,Cobb,4171,antonina.cobb@gibson.org
Bernard,Durand,1302,bernard.durand@royer.com
Corey,Greggio,3520,corey.greggio@johnson.org.au
Rodolfo,Couturier,6010,rodolfo.couturier@tim.it
Pierre,Cardenas,4617,pierre.cardenas@luzi-bonomo.eu
Romeo,Surian,1417,romeo.surian@batista.com
Ivo,Moreno,4770,ivo.moreno@hotmail.com
Federico,Marie,4328,federico.marie@jourdan.fr
Maggie,Boito,5171,maggie.boito@yahoo.com
Brianna,Hanson,4394,brianna.hanson@stanley.com
Heiko,Bourgeois,1794,heiko.bourgeois@togliatti.com
Benito,Gritti,3510,benito.gritti@gmail.com
Mitzy,Junk,2487,mitzy.junk@zaragoza.com
Samantha,Lowe,2215,samantha.lowe@praga.it
Ernesto,Nerger,4136,ernesto.nerger@middleton.co.uk
Melinda,Canova,3723,melinda.canova@orange.fr
Mohammad,Hartung,5842,mohammad.hartung@hotmail.com
Ben,Maillot,3289,ben.maillot@ramos.net
Isabel,Pruschke,1249,isabel.pruschke@gmail.com
Linda,Franceschi,5409,linda.franceschi@richards.net
Olivia,Striebitz,2951,olivia.striebitz@gmail.com
Penny,Watson,3432,penny.watson@matthews.net
Manfred,James,2297,manfred.james@davies.org
Hazel,Pierce,6161,hazel.pierce@outlook.com
Alf,Bates,4603,alf.bates@dunn.com
Scott,Gough,5818,scott.gough@industrias.com
Konrad,Briones,4270,konrad.briones@fierro.com
Mathilde,Kruschwitz,6007,mathilde.kruschwitz@yahoo.com
Irma,Gemito,4084,irma.gemito@googlemail.com
Antoine,Guyon,1340,antoine.guyon@yahoo.com
William,Gibilisco,5675,william.gibilisco@gaillard.com
Judith,Butte,2010,judith.butte@fischer-vaughn.info
Joanne,Henderson,6201,joanne.henderson@gmail.com
Ludovica,Arellano,1791,ludovica.arellano@morandi-argento.com
Catherine,Gray,3314,catherine.gray@hotmail.com
Franco,Fioravanti,5852,franco.fioravanti@barry-gill.com.au
Heather,Zimmer,4618,heather.zimmer@bluemel.de
Hortense,Taylor,2618,hortense.taylor@chambers.biz
Livia,Ernst,4967,livia.ernst@colas.fr
Toby,Etzler,4594,toby.etzler@industrias.com
Ennio,Leoncavallo,2080,ennio.leoncavallo@sanchez.org
Philippine,Vaca,2793,philippine.vaca@hotmail.com
Rhonda,Phillips,4890,rhonda.phillips@yahoo.com
Alphonse,Nitto,3528,alphonse.nitto@voila.fr
Karina,Arreola,5810,karina.arreola@yahoo.com.au
Denise,Wood,5720,denise.wood@mantegna.com
Burghard,Rosenow,4593,burghard.rosenow@hotmail.com
Friedl,Powell,3186,friedl.powell@laposte.net
Benjamin,Schultz,5136,benjamin.schultz@rivero-davila.com
Rachel,Ulibarri,2646,rachel.ulibarri@schueler.com
Silvano,Blanchet,3460,silvano.blanchet@yahoo.com
Kurt,Sauer,4345,kurt.sauer@almanza.biz
Nayeli,Gehringer,2690,nayeli.gehringer@hotmail.com
Imelda,Guerin,4025,imelda.guerin@stumpf.net
Zbigniew,Holmes,4524,zbigniew.holmes@stiffel.net
Adela,Alfonsi,3978,adela.alfonsi@despacho.com
Hilary,Clark,3910,hilary.clark@libero.it
Kornelius,Molina,5825,kornelius.molina@heuser.com
Christian,Anderson,3564,christian.anderson@tim.it
Francisco,Dorsey,2396,francisco.dorsey@tiscali.fr
Walli,Albert,2140,walli.albert@dussen.com
Siegrun,Mota,3079,siegrun.mota@matthews-montoya.org.au
Alberico,Herve,2017,alberico.herve@beer.net
Serafina,Bonnin,5444,serafina.bonnin@mendes.com
Marcelle,Bender,2216,marcelle.bender@edwards-robinson.info
Hartmuth,Robertson,1241,hartmuth.robertson@thomas.edu.au
Herlinde,George,1484,herlinde.george@free.fr
Pamela,Payne,3475,pamela.payne@yahoo.com
Gastone,Beyer,4333,gastone.beyer@stewart-sanchez.edu
Lydia,Berengario,5657,lydia.berengario@aol.de
Lucy,Davidson,2527,lucy.davidson@tele2.it
Franck,Wade,5967,franck.wade@gute.org
Heidi,Barker,5698,heidi.barker@gmail.com
Arnaldo,Ocasio,3331,arnaldo.ocasio@hotmail.com
Francis,Bernier,3841,francis.bernier@rodriguez.com
Johanne,Strong,6105,johanne.strong@yahoo.de
Debra,Langlois,3895,debra.langlois@schmiedecke.com
Reingard,Kambs,1891,reingard.kambs@sagese.eu
Mauro,Ortiz,1281,mauro.ortiz@oquendo.net
Griselda,Carranza,4186,griselda.carranza@krause.de
Janet,Madrigal,2511,janet.madrigal@gmail.com
Jenna,Day,4272,jenna.day@reed.com
Modesto,Wright,3533,modesto.wright@pareto.com
Alice,Wall,3618,alice.wall@zaccardo.it
Brenda,Sontag,2177,brenda.sontag@solari.com
Sergius,Mace,4102,sergius.mace@palazzo.com
Antonia,Kline,6089,antonia.kline@gmail.com
Maurice,Gumprich,4701,maurice.gumprich@griffin.net.au
Daniel,Anders,5645,daniel.anders@yahoo.com
Zaira,Cattaneo,4499,zaira.cattaneo@yahoo.com
Alessio,Bruneau,3365,alessio.bruneau@hotmail.co.uk
Gerdi,Guerrero,2290,gerdi.guerrero@tele2.fr
Brigitte,Stiebitz,1890,brigitte.stiebitz@gmail.com
June,Sinisi,1304,june.sinisi@manzoni-giannini.it
Carl,Macias,3799,carl.macias@yahoo.com
Veronica,Trapp,2749,veronica.trapp@tiscali.it
Frances,Garnier,2028,frances.garnier@aporti-guidotti.org
Terri,Iannelli,2383,terri.iannelli@hotmail.com
Odette,Moore,5721,odette.moore@hall.edu
Mercedes,Trujillo,1394,mercedes.trujillo@aol.de
Babette,Dumas,3451,babette.dumas@brady.net
Jerry,Santiago,5512,jerry.santiago@soprano-ferragni.it
Ronald,Simpson,2453,ronald.simpson@ovadia.net
Emmanuel,Dominguez,6055,emmanuel.dominguez@gmail.com
Christiane,Ricciardi,5704,christiane.ricciardi@zavala.com
Ingolf,Zamora,3707,ingolf.zamora@yahoo.com.au
Rita,Sharp,2205,rita.sharp@beard-scott.edu.au
Geraldine,Cabrera,5976,geraldine.cabrera@green-smith.info
Chantal,Armas,3290,chantal.armas@jenkins.net
Louis,Gilbert,4257,louis.gilbert@gmail.com
Michelle,Collier,4588,michelle.collier@peruzzi.it
Guillermina,Nicholson,4785,guillermina.nicholson@grondin.fr
Bertrand,Hopkins,3033,bertrand.hopkins@gmail.com
Alonso,Palomo,2779,alonso.palomo@gehringer.de
Tina,Rodriguez,2131,tina.rodriguez@web.de
Eva,Francis,6229,eva.francis@parker.org
Ottavio,Rust,3429,ottavio.rust@crespi.com
Amelia,Olvera,1613,amelia.olvera@hotmail.com
Paul,Palladio,4734,paul.palladio@mclaughlin.net.au
Bernardo,Wieloch,4439,bernardo.wieloch@budig.com
Umberto,Hicks,1441,umberto.hicks@hill.com
Janko,Bishop,5799,janko.bishop@tim.it
Jessika,Meunier,1419,jessika.meunier@gmx.de
Isaac,Benard,3059,isaac.benard@googlemail.com
Alexandrie,Lambert,3224,alexandrie.lambert@yahoo.com
Roberto,Guyot,3181,roberto.guyot@bennett.com
Giulietta,Lucas,6061,giulietta.lucas@club.com
Damaris,Pininfarina,4466,damaris.pininfarina@gmail.com
Fabrizia,Renard,6081,fabrizia.renard@higgins-marks.com
Camillo,Dehmel,2159,camillo.dehmel@brown-campbell.com
Ruggero,Parpinel,3324,ruggero.parpinel@gmail.com
Stephen,Pratesi,3176,stephen.pratesi@hotmail.com
Ludger,Naccari,5874,ludger.naccari@ingram.biz
Meryem,Tapia,5110,meryem.tapia@yahoo.com
Jasmine,Juvara,5490,jasmine.juvara@yahoo.com.au
Victoire,Travaglia,1922,victoire.travaglia@zacchia.com
Adrian,Noel,4398,adrian.noel@perrin.com
Marvin,Howe,4754,marvin.howe@gmail.com
Hanne,Kidd,3309,hanne.kidd@yahoo.com
Donatello,Millet,1244,donatello.millet@fritsch.net
Eloisa,Pascarella,2892,eloisa.pascarella@gmail.com
Erica,Zambrano,2777,erica.zambrano@gmail.com
Paula,Canales,4952,paula.canales@gilmore-guerrero.com
Claudia,Bernard,5144,claudia.bernard@mazzanti.it
Paulina,Miller,5487,paulina.miller@lewis-barker.com
Kathrin,Godfrey,1932,kathrin.godfrey@tele2.fr
Pina,Passalacqua,3364,pina.passalacqua@yahoo.co.uk
Julien,Miles,5165,julien.miles@stevens-rose.com
Suzanne,Benigni,3858,suzanne.benigni@mennea-morlacchi.com
Annalisa,Pugh,4666,annalisa.pugh@hotmail.fr
Mathew,Maestas,2896,mathew.maestas@casas-garrido.com
Laszlo,Vallee,4520,laszlo.vallee@verdier.com
Helen,Polanco,5726,helen.polanco@hotmail.com
Mateo,Sorrentino,5661,mateo.sorrentino@calderon.com
Eric,Barnes,4765,eric.barnes@barrett-winter.com
Dragica,West,3710,dragica.west@yahoo.com.au
Antje,Voisin,4925,antje.voisin@gmail.com
Stanley,Mills,1533,stanley.mills@parker-lee.biz
Brandy,Meraz,5264,brandy.meraz@yahoo.com
Conor,Reinhardt,4606,conor.reinhardt@yahoo.com.au
Gabino,Blot,2043,gabino.blot@lewis-russell.org
Alvaro,Lemus,3871,alvaro.lemus@yahoo.com
Patrizia,Wilms,6205,patrizia.wilms@dbmail.com
Metin,Coulon,3193,metin.coulon@ashley.com
Reece,Valencia,1810,reece.valencia@laboy-palomo.com
Troy,Schmiedecke,4797,troy.schmiedecke@picard.com
Wendy,Bustos,1487,wendy.bustos@libero.it
Guglielmo,Caldwell,3474,guglielmo.caldwell@loeffler.com
Travis,Cowan,5771,travis.cowan@turner.info
Brandi,Abbagnale,6074,brandi.abbagnale@tele2.fr
Hanno,Gollum,1568,hanno.gollum@smith.com
Jutta,Burke,4263,jutta.burke@elliott.com
Dorothe,Paz,5850,dorothe.paz@fiebig.de
Desiree,Huerta,5619,desiree.huerta@morris.com
Ilse,Bray,1904,ilse.bray@venturi.it
Pierpaolo,Scaduto,5388,pierpaolo.scaduto@sanders-gibson.com.au
Amedeo,Bradford,2150,amedeo.bradford@yahoo.com
Julia,Ali,2653,julia.ali@yahoo.com
Catalina,Pizzetti,2687,catalina.pizzetti@tim.it
Dylan,Porzio,3779,dylan.porzio@yahoo.de
Iris,Trincavelli,1494,iris.trincavelli@tiscali.fr
Johnathan,Guidotti,4129,johnathan.guidotti@cox-sanchez.net
Walburga,Vollbrecht,3035,walburga.vollbrecht@aol.de
Kendra,David,2069,kendra.david@allan-morton.com
Aleksandr,Weiss,5469,aleksandr.weiss@blanc.org
Cornelio,Guardado,3903,cornelio.guardado@gmail.com
Ferdi,Blackburn,4083,ferdi.blackburn@christensen.net
Bill,Gallagher,4003,bill.gallagher@green.com
Leonard,Harvey,3565,leonard.harvey@hotmail.com
Milan,Montenegro,1640,milan.montenegro@langern.com
Philip,Perez,4769,philip.perez@hotmail.co.uk
Kathryn,Hentschel,3398,kathryn.hentschel@shaw.com
Xavier,Samson,1865,xavier.samson@baggio.it
Hartwig,Roberts,5690,hartwig.roberts@saraceno.net
Kimberly,Chan,3814,kimberly.chan@gmail.com
Lorraine,Crawford,2942,lorraine.crawford@gmail.com
Maximiliano,Knowles,5095,maximiliano.knowles@gmail.com
Gabriella,Avila,2878,gabriella.avila@gmail.com
Rico,Mortati,3697,rico.mortati@faivre.fr
Gail,Petrocelli,4744,gail.petrocelli@yahoo.com
Liberto,Niemeier,2104,liberto.niemeier@germano-dibiasi.it
Luciana,Petitjean,4883,luciana.petitjean@patterson-cole.biz
Ron,Cavazos,4807,ron.cavazos@yahoo.com
Aldo,Cibin,1372,aldo.cibin@gmx.de
Alexandre,Serrano,3666,alexandre.serrano@yahoo.co.uk
Lori,Fagotto,2066,lori.fagotto@hill-anderson.com
Perla,Figueroa,1834,perla.figueroa@live.com
Reginald,Hughes,5853,reginald.hughes@gmail.com
Uriel,Holt,2219,uriel.holt@gmail.com
Stefano,Lemonnier,4148,stefano.lemonnier@binner.com
Madeleine,Cooper,4477,madeleine.cooper@poste.it
Alban,Barbier,1786,alban.barbier@ortiz.org
Alfonso,Finetti,3455,alfonso.finetti@quiroz.com
Ryan,Kim,5707,ryan.kim@noos.fr
Augustin,Wohlgemut,5470,augustin.wohlgemut@watson.info
Rolando,Bibi,3274,rolando.bibi@tin.it
Berthold,Randall,4613,berthold.randall@mcdonald.com
Genaro,Briand,4465,genaro.briand@sfr.fr
Rudolf,Jenkins,1652,rudolf.jenkins@hotmail.com
Pauline,Ackermann,2100,pauline.ackermann@arredondo-roque.com
Folker,Swanson,4321,folker.swanson@rodrigues.fr
Ashleigh,Montez,4168,ashleigh.montez@perry-schneider.com
Liliana,Barber,3733,liliana.barber@libero.it
Caridad,Carr,2594,caridad.carr@huhn.com
Lolita,Borrego,3909,lolita.borrego@gmail.com
Gunar,Patrick,5179,gunar.patrick@leroy.com
Leokadia,Verdier,2228,leokadia.verdier@hotmail.com.au
Hanna,Reid,6222,hanna.reid@salas.org
Edelgard,Kreusel,2354,edelgard.kreusel@hotmail.com
Svenja,Perrin,1725,svenja.perrin@berger.com
Pierluigi,Taccola,2960,pierluigi.taccola@gmx.de
Cilli,Watts,2077,cilli.watts@yahoo.com
Emiliano,Wells,5662,emiliano.wells@gmx.de
April,Davids,3481,april.davids@fisher.info
Dolores,Didier,2565,dolores.didier@yahoo.com.au
Sylvia,Bonomo,4436,sylvia.bonomo@poulain.com
Nelly,Marsh,5072,nelly.marsh@hotmail.it
Beth,Miniati,5200,beth.miniati@hudson.net
Renee,Merino,4502,renee.merino@gmail.com
Hailey,Russell,4945,hailey.russell@jourdan.org
Raphaela,Gotthard,3012,raphaela.gotthard@outlook.com
Pomponio,Comencini,6094,pomponio.comencini@hotmail.co.uk
Leone,Richardson,3815,leone.richardson@yahoo.com
Valentine,Acosta,4838,valentine.acosta@peters.net
Ricciotti,Laureano,3469,ricciotti.laureano@parsons.com
Jacques,Heidrich,4874,jacques.heidrich@zamudio-chapa.com
Anne,Snow,1792,anne.snow@gmail.com
Sonia,Volta,4356,sonia.volta@gmx.de
Dale,Leblanc,6196,dale.leblanc@stewart.com
Alejandro,Cruz,3578,alejandro.cruz@hotmail.com
Elsa,Cugia,4491,elsa.cugia@yahoo.com
Geronimo,Pechel,3054,geronimo.pechel@hotmail.com
Melania,Klemm,1968,melania.klemm@seidel.com
Katherine,Cooley,5869,katherine.cooley@yahoo.com
Guillermo,Larsen,5858,guillermo.larsen@yahoo.com
Jill,Barrios,5203,jill.barrios@gmail.com
Austin,Musatti,2577,austin.musatti@tin.it
Jacinto,Rose,3216,jacinto.rose@yahoo.com
Lucie,Redi,2037,lucie.redi@googlemail.com
Tania,Chapman,3867,tania.chapman@remy.com
Alexandria,Best,5109,alexandria.best@yahoo.co.uk
Edward,Scott,1376,edward.scott@yahoo.com
Jake,Wiley,5260,jake.wiley@outlook.com
Claudio,Reuter,2350,claudio.reuter@morgan-collins.org.au
Laure,Traetta,2269,laure.traetta@kay-perkins.co.uk
Magarete,Valentin,3650,magarete.valentin@yahoo.com
Paige,Hill,3934,paige.hill@jones.org.au
Fulvio,Curiel,4048,fulvio.curiel@reynolds.com
Thibaut,Camarillo,4266,thibaut.camarillo@hotmail.com
Romana,Blanchard,3863,romana.blanchard@googlemail.com
Thibault,Savorgnan,4922,thibault.savorgnan@butler.biz
Alexander,Pausini,4517,alexander.pausini@gonzalez.info
Pierangelo,Scholtz,3259,pierangelo.scholtz@lefevre.com
Emmanuelle,Keller,3123,emmanuelle.keller@morton-clarke.com
Isabella,Deleon,3870,isabella.deleon@web.de
Timothy,Weitzel,2996,timothy.weitzel@gmail.com
Alfredo,Ingram,2993,alfredo.ingram@hotmail.com
Francesca,Kade,4556,francesca.kade@luna-rael.org
Tonia,Coleman,2326,tonia.coleman@hotmail.com
Gottfried,Barbe,4109,gottfried.barbe@hotmail.com
Jeffrey,Trommler,5739,jeffrey.trommler@yahoo.com
Giacobbe,Owens,5887,giacobbe.owens@huet.fr
Conchita,Pagliaro,1651,conchita.pagliaro@googlemail.com
Kevin,Delahaye,1628,kevin.delahaye@ellis-wilson.com
Rouven,Ovadia,2642,rouven.ovadia@gmail.com
Piermaria,Laporte,6020,piermaria.laporte@wesack.com
Karolin,Johann,4747,karolin.johann@hotmail.com
Steven,Folliero,5534,steven.folliero@noos.fr
Livio,Rosselli,4790,livio.rosselli@green.co.uk
Gaetano,Leonardi,4632,gaetano.leonardi@despacho.com
Cynthia,Robinson,1952,cynthia.robinson@gilles.net
Eleni,Aponte,4388,eleni.aponte@club-internet.fr
Noelia,Romo,5529,noelia.romo@yahoo.com
Evelyn,Haynes,1316,evelyn.haynes@clark.info
Katharine,Zaccagnini,1670,katharine.zaccagnini@hotmail.com
Lea,Merle,4909,lea.merle@stey.de
Marta,Huynh,3401,marta.huynh@hernandez.info
Amador,Riley,4619,amador.riley@hotmail.com
Julie,Coles,4722,julie.coles@hotmail.fr
Beverley,Telesio,2188,beverley.telesio@regnier.fr
Corinne,Mitschke,5497,corinne.mitschke@hauffer.net
Valerie,Ortega,5711,valerie.ortega@tele2.it
Carlos,Delle,4076,carlos.delle@hicks.com
Christina,Besnard,1847,christina.besnard@delorme.com
Rosario,Jacques,2816,rosario.jacques@yahoo.com
Celal,Fischer,5019,celal.fischer@aol.de
Leonardo,Guzman,4869,leonardo.guzman@andreozzi-abba.com
Clinton,Mason,3613,clinton.mason@yahoo.com
Loretta,Mallet,3069,loretta.mallet@sansoni-toscani.it
Lorenzo,Roero,2601,lorenzo.roero@hotmail.co.uk
Lando,Gutierrez,2133,lando.gutierrez@heser.com
Elaine,Patterson,3164,elaine.patterson@rose-morris.org
Marcella,Govoni,3897,marcella.govoni@barkholz.net
Ettore,Amaldi,5663,ettore.amaldi@germain.com
Rufino,Gallegos,3879,rufino.gallegos@webster-newton.co.uk
Georges,Richards,5900,georges.richards@macdonald.com
Janice,Infantino,2272,janice.infantino@hotmail.com
Svetlana,Montanariello,5436,svetlana.montanariello@putz.de
Agnolo,Cedillo,3676,agnolo.cedillo@laboratorios.biz
Hannah,Jockel,4676,hannah.jockel@ceravolo-tonisto.eu
Yvonne,Stout,1563,yvonne.stout@sims.edu
Anouk,Pace,4349,anouk.pace@gmail.com
Esteban,Valdez,1658,esteban.valdez@hotmail.com
Angelina,Davies,2552,angelina.davies@hotmail.com
Anastasie,Cadena,4847,anastasie.cadena@live.com
Hansjoachim,Lettiere,1553,hansjoachim.lettiere@hall-mcdaniel.net
Yeni,Tejada,2632,yeni.tejada@olson.edu.au
Dulce,Adinolfi,1908,dulce.adinolfi@hotmail.com
Sean,Mielcarek,5801,sean.mielcarek@gmail.com
Omar,Fonseca,1935,omar.fonseca@grupo.org
Henry,Gucci,2609,henry.gucci@leleu.fr
Samira,Bottaro,2740,samira.bottaro@vasseur.fr
Korinna,Arnold,1907,korinna.arnold@zapata-saenz.biz
Marcela,Ferrante,1831,marcela.ferrante@gmx.de
Douglas,Amaya,5177,douglas.amaya@favata-brenna.net
Katherina,Barrientos,6179,katherina.barrientos@trobbiani.eu
Brittany,Tran,2917,brittany.tran@tele2.it
Caroline,Reeves,1486,caroline.reeves@yahoo.com
Joe,Michaud,3735,joe.michaud@yahoo.fr
Marco,Vittadello,3838,marco.vittadello@gmail.com
Kim,Webb,2430,kim.webb@yahoo.com.au
Eugenia,Zichichi,2480,eugenia.zichichi@yahoo.com
Aurore,Rosemann,3431,aurore.rosemann@leoncavallo-rusticucci.com
Giustino,Luzi,1742,giustino.luzi@rolland.fr
Anita,Galindo,4628,anita.galindo@gmail.com
Gunhild,Carrillo,2385,gunhild.carrillo@elliott-gilbert.org
Rosa,Paul,2213,rosa.paul@bien.com
Marliese,Oneal,5188,marliese.oneal@gmail.com
Bethany,Hartmann,3418,bethany.hartmann@yahoo.com
Irina,Martineau,5637,irina.martineau@gmail.com
Beatriz,Moulin,3530,beatriz.moulin@pinto.com
Lucas,Austin,3731,lucas.austin@gmail.com
Carole,Nohlmans,3219,carole.nohlmans@yahoo.com
Bozena,Schmitt,2392,bozena.schmitt@vallet.com
Aimee,Foconi,5103,aimee.foconi@outlook.com
Marzena,Carrero,3992,marzena.carrero@roskoth.de
Raisa,Poulain,2442,raisa.poulain@fastwebnet.it
Marcantonio,Bennett,2913,marcantonio.bennett@hopkins.com.au
Kenneth,Hurst,1631,kenneth.hurst@meunier.net
Marisela,Mende,4073,marisela.mende@godoy-enriquez.com
Blanka,Villareal,4568,blanka.villareal@monduzzi.net
Tomislav,Stoppani,1830,tomislav.stoppani@corporacin.org
Krystal,Ammaniti,2623,krystal.ammaniti@barbier.fr
Deanna,Aporti,4327,deanna.aporti@bouygtel.fr
Donatella,Burns,3713,donatella.burns@yahoo.de
Margrit,Hooper,2389,margrit.hooper@douglas.com
Baccio,Marcacci,5141,baccio.marcacci@laposte.net
Alfio,Roman,3522,alfio.roman@hotmail.co.uk
Soledad,Soto,1334,soledad.soto@hotmail.de
Josh,Cimarosa,4721,josh.cimarosa@hotmail.com
Nath,Rico,3768,nath.rico@yahoo.com
Gary,Armani,1639,gary.armani@web.de
Miriam,Oquendo,5149,miriam.oquendo@smith-watson.biz
Monica,Mohaupt,2153,monica.mohaupt@live.com
Alec,Ho,2767,alec.ho@parra-esparza.com
Harry,Fouquet,5124,harry.fouquet@ibarra-cooper.com
Arcelia,Babati,2097,arcelia.babati@orange.fr
Trinidad,Vespa,4796,trinidad.vespa@gmail.com
Colette,Ryan,5849,colette.ryan@hotmail.com
Richard,Andre,1495,richard.andre@porras.org
Ellinor,Leclercq,2462,ellinor.leclercq@gmail.com
Patricio,Guillon,2280,patricio.guillon@web.de
Kirsten,Chindamo,1877,kirsten.chindamo@carrillo-wall.com
Leo,Petruzzi,6108,leo.petruzzi@yahoo.com
Margot,Tomaselli,4427,margot.tomaselli@junck.org
Ansaldo,Marks,2881,ansaldo.marks@patel-odonnell.com
Regina,Morin,2339,regina.morin@barcaccia.net
Karla,Medici,5156,karla.medici@yahoo.com
Morgan,Irizarry,4750,morgan.irizarry@williams-harris.biz
Natividad,Wong,4852,natividad.wong@hoevel.com
Anna,Freeman,5734,anna.freeman@snyder.net
Emilia,Vivaldi,3801,emilia.vivaldi@garnier.fr
Gerda,Cook,4474,gerda.cook@tin.it
Andrey,Faure,1992,andrey.faure@frederick-mitchell.info
Charlotte,Duke,5796,charlotte.duke@ochoa.org
Cindy,Castillo,1373,cindy.castillo@virgilio.it
Hiltrud,Thibault,1879,hiltrud.thibault@barbe.com
Kasimir,Jaime,3072,kasimir.jaime@gmail.com
Sabine,Lachmann,4561,sabine.lachmann@phillips.org
Andrea,Arroyo,5201,andrea.arroyo@yahoo.com.au
Matthew,Velasquez,5871,matthew.velasquez@gmail.com
Severino,Linares,3041,severino.linares@angeli.com
Swantje,Lomeli,5864,swantje.lomeli@gmx.de
Marcus,Espino,3999,marcus.espino@comolli.eu
Allen,Gates,4849,allen.gates@gmail.com
Mauricio,Saunders,5461,mauricio.saunders@hotmail.co.uk
Gilbert,Cornejo,5946,gilbert.cornejo@hotmail.com
Letizia,Gulotta,4508,letizia.gulotta@howard.biz
Etta,Gutknecht,5096,etta.gutknecht@leconte.net
Shelley,Perry,5443,shelley.perry@gierschner.de
Geoffrey,Williams,2165,geoffrey.williams@poste.it
Cory,Stewart,2125,cory.stewart@voila.fr
Kristy,Bartlett,6141,kristy.bartlett@outlook.com
Gianluca,Beck,5245,gianluca.beck@green.biz
Guido,Krein,2190,guido.krein@gmail.com
Leif,Monnier,2243,leif.monnier@querini.it
Jonas,Badoer,3336,jonas.badoer@kennedy.biz
Devin,Ebert,3305,devin.ebert@yahoo.fr
Slobodan,Camiscione,6191,slobodan.camiscione@hotmail.com
Volkmar,Gauthier,1326,volkmar.gauthier@hotmail.com
Jordan,Rowe,6159,jordan.rowe@outlook.com
Manon,Daugherty,2003,manon.daugherty@segre.com
Estela,Segovia,5881,estela.segovia@vodafone.it
Giada,Celentano,1918,giada.celentano@evans.net
Clayton,Salcedo,2157,clayton.salcedo@hotmail.co.uk
Raven,Pinto,3149,raven.pinto@hotmail.com
Lewis,Lewis,2444,lewis.lewis@pisano.net
Rochus,Rousseau,6207,rochus.rousseau@nguyen.com
Belinda,Gamez,5580,belinda.gamez@leleu.com
Angelo,Lozano,5942,angelo.lozano@macias.com
Jorge,Monti,1592,jorge.monti@clement.fr
Ricky,Harrell,2344,ricky.harrell@martin.edu
Adriano,Wulf,5995,adriano.wulf@schmidtke.net
Pompeo,Bourdon,5022,pompeo.bourdon@gmail.com
Kristie,Garrett,5991,kristie.garrett@wernecke.com
Lodovico,Conley,4020,lodovico.conley@yahoo.com
Jean,Berthelot,6028,jean.berthelot@oscuro.it
Tadeusz,Medina,2790,tadeusz.medina@jackson-clark.net
Ruby,Carriera,4033,ruby.carriera@hotmail.it
Theres,Antonioni,1261,theres.antonioni@hotmail.com
Gloria,Morton,1979,gloria.morton@outlook.com
Graziano,Jensen,2122,graziano.jensen@gmail.com
Gianpaolo,Massey,4506,gianpaolo.massey@bouvier.com
Alain,Farmer,3016,alain.farmer@hotmail.it
Renato,Murillo,3272,renato.murillo@club.com
Edda,Ferraris,1375,edda.ferraris@libero.it
Luce,Marty,4014,luce.marty@waehner.org
Rotraud,Mitchell,3199,rotraud.mitchell@laboratorios.com
Israel,Watkins,2184,israel.watkins@hotmail.com
Nathan,Jennings,2170,nathan.jennings@kim.com
Gavin,Proietti,1478,gavin.proietti@gmx.de
Emma,Rios,6163,emma.rios@yahoo.com.au
Todd,Douglas,1889,todd.douglas@web.de
Oscar,Holsten,5912,oscar.holsten@yahoo.com
Ann,Peron,2537,ann.peron@grupo.biz
Senta,Grassi,2118,senta.grassi@hotmail.com
Kata,Mena,3234,kata.mena@gmail.com
Gianfranco,Hethur,3842,gianfranco.hethur@stewart-lee.com.au
Florentine,Saraceno,3032,florentine.saraceno@gmail.com
Giuliano,Bolzmann,3238,giuliano.bolzmann@pacillo.it
Alwine,Kostolzin,2059,alwine.kostolzin@holloway.com
Giacinto,Briggs,5238,giacinto.briggs@yahoo.co.uk
Holly,Negrete,2578,holly.negrete@hotmail.com
Mark,Trapanese,4789,mark.trapanese@gmail.com
Alyssa,Brun,2357,alyssa.brun@chittolini-spadafora.it
Cristina,Chevalier,1235,cristina.chevalier@proyectos.com
Shannon,Lefevre,3558,shannon.lefevre@gmail.com
Logan,Hornich,1707,logan.hornich@tin.it
Rosalia,Toro,2842,rosalia.toro@free.fr
Reiner,Poerio,5318,reiner.poerio@yahoo.com
Valentina,Pages,1620,valentina.pages@hotmail.de
Enrico,Fabre,4998,enrico.fabre@gmail.com
Sevim,Begue,3111,sevim.begue@yahoo.com.au
Sonja,Patberg,1424,sonja.patberg@hotmail.com
Christine,Hiller,3244,christine.hiller@yahoo.com
Maik,Beasley,4643,maik.beasley@harper-brooks.biz
Elliot,Santana,6132,elliot.santana@gmx.de
Eloy,Renzi,3790,eloy.renzi@gmail.com
Wolf,Lutz,1312,wolf.lutz@nichols-jackson.com.au
Giuseppe,Lee,5686,giuseppe.lee@mahe.org
Angelica,Cuellar,2111,angelica.cuellar@zaguri-bellucci.net
Bekir,Normand,5685,bekir.normand@yahoo.de
Carmine,Gonzales,1905,carmine.gonzales@schleich.net
Marianne,Hubert,3271,marianne.hubert@hotmail.com
Gonzalo,Montes,4178,gonzalo.montes@hotmail.com
Shelly,Guichard,3275,shelly.guichard@gmail.com
Tobias,Carbajal,5713,tobias.carbajal@live.com
Santiago,Berry,3339,santiago.berry@aol.de
Emilio,Davenport,5585,emilio.davenport@zamora-russo.net
Maurizio,Gute,4407,maurizio.gute@knight.info
Nadia,Travaglio,1941,nadia.travaglio@colletti-broggini.com
Elisa,Barkholz,4690,elisa.barkholz@sfr.fr
Cristal,Mazzini,3607,cristal.mazzini@gmail.com
Trevor,Granados,2670,trevor.granados@gmail.com
Matthieu,Mcdonald,5261,matthieu.mcdonald@morrison.org
Juliette,Preston,4121,juliette.preston@gmail.com
Stanislaw,Montalvo,4620,stanislaw.montalvo@mcpherson-hughes.info
Lilia,Lollobrigida,4630,lilia.lollobrigida@le.com
Brigitta,Shaw,3440,brigitta.shaw@hotmail.co.uk
Rebeca,Frey,3572,rebeca.frey@gerard.fr
Nicolas,Palacios,5306,nicolas.palacios@meraz.com
Susanna,Bonneau,5122,susanna.bonneau@klingelhoefer.de
Romina,Valentine,1368,romina.valentine@hotmail.com
Erika,Toussaint,5370,erika.toussaint@sfr.fr
Lothar,Laurent,5636,lothar.laurent@garcia.com.au
Chelsea,Verdugo,6033,chelsea.verdugo@campbell.com
Ria,Venier,3599,ria.venier@murillo-estevez.com
Carly,Summers,5566,carly.summers@yahoo.co.uk
Pasquale,Tomasini,1873,pasquale.tomasini@hotmail.co.uk
Stefani,Ughi,3904,stefani.ughi@hotmail.it
Jose,Huang,4453,jose.huang@gmx.de
Petros,Gaona,5481,petros.gaona@googlemail.com
Maximilian,Siering,2987,maximilian.siering@gaito-fornaciari.org
Ermenegildo,Holzapfel,2431,ermenegildo.holzapfel@aol.de
Damien,Leger,4158,damien.leger@dixon.biz
Zeferino,Barrera,3753,zeferino.barrera@zedillo-velazquez.com
Alfred,Pohl,4391,alfred.pohl@fechner.net
Marissa,Gaito,2026,marissa.gaito@reed-campbell.edu
Ariana,Houston,4547,ariana.houston@hotmail.it
Victor,Jacobs,2798,victor.jacobs@young.com
Henriette,Lang,4732,henriette.lang@mimun.it
Wilfriede,Baca,5126,wilfriede.baca@caraballo.com
Lucia,Riviere,5151,lucia.riviere@samaniego.biz
Gordon,Vigorelli,2134,gordon.vigorelli@solano.com
Diethard,Salgado,5786,diethard.salgado@gmail.com
Sue,Corrales,5515,sue.corrales@cardenas-serna.org
Arthur,Salazar,4530,arthur.salazar@yahoo.com.au
Fortunata,Schneider,4088,fortunata.schneider@tiscali.it
Gretchen,Serna,3667,gretchen.serna@pichon.org
Egon,Caron,3286,egon.caron@hotmail.com
Roberta,Finzi,4804,roberta.finzi@knight-davies.co.uk
Editha,Savage,5768,editha.savage@davies.co.uk
Allan,Emanuelli,6098,allan.emanuelli@fernandes.org
Laurence,Lucero,2508,laurence.lucero@martin.org
Istvan,Draghi,5779,istvan.draghi@ifrance.com
Luigi,Bonnet,1717,luigi.bonnet@carriera-federico.it
Yuridia,Fantozzi,3368,yuridia.fantozzi@mcdonald.com
Eraldo,Schmiedt,4265,eraldo.schmiedt@hotmail.de
Antoinette,Cox,4455,antoinette.cox@bustamante.com
Cameron,Ocampo,2940,cameron.ocampo@hotmail.com.au
Lynn,Lawson,6144,lynn.lawson@leclercq.com
Natalia,Seifert,3657,natalia.seifert@ifrance.com
Nuray,Anguillara,1537,nuray.anguillara@yahoo.co.uk
Beate,Morgan,2116,beate.morgan@gmail.com
Mario,Rees,5102,mario.rees@gmx.de
Galasso,Junken,5815,galasso.junken@yahoo.co.uk
Luca,Moses,4250,luca.moses@franke.de
Aurelio,Gertz,4533,aurelio.gertz@hewitt.net
Uberto,Steele,3329,uberto.steele@outlook.com
Annie,Hunter,3606,annie.hunter@allen.co.uk
Jo,Mccarty,4749,jo.mccarty@hotmail.com
Eitel,Lombard,2222,eitel.lombard@thomas.net
Susan,Vigliotti,1939,susan.vigliotti@yahoo.co.uk
Jacqueline,Germano,2456,jacqueline.germano@valette.fr
Fidel,Ruppert,2794,fidel.ruppert@yahoo.co.uk
Margaret,Eigenwillig,2648,margaret.eigenwillig@yahoo.com
Yvette,Harding,2545,yvette.harding@yahoo.co.uk
Federigo,Karge,3273,federigo.karge@bohlander.com
Guenther,Armenta,6155,guenther.armenta@free.fr
Coriolano,Higgins,6064,coriolano.higgins@murphy.org.au
Felix,Rubio,1729,felix.rubio@ebert.de
Melanie,Leveque,4969,melanie.leveque@fleury.net
Abbie,Galeati,3402,abbie.galeati@ubaldi.it
Vittorio,Caccioppoli,2810,vittorio.caccioppoli@yahoo.com
Biagio,Valenzuela,2217,biagio.valenzuela@robinson.info
Dario,Green,5140,dario.green@live.com
Alwina,Textor,4497,alwina.textor@poste.it
Diether,Baeza,5100,diether.baeza@grupo.biz
Sole,Trevino,3390,sole.trevino@hotmail.com
Darren,Bernardi,1926,darren.bernardi@brooks-martin.com
Martina,Heser,3264,martina.heser@morellato.it
Bethan,Giacometti,2573,bethan.giacometti@gmail.com
Ethan,Duhamel,3628,ethan.duhamel@sfr.fr
Corrado,Warren,3826,corrado.warren@hotmail.com.au
Damian,Pulido,5983,damian.pulido@yahoo.de
Dino,Osborne,5678,dino.osborne@despacho.com
Nicolaus,Bernetti,2093,nicolaus.bernetti@aol.de
Gianna,Carroll,5333,gianna.carroll@perez.com
Grit,Knight,5139,grit.knight@web.de
Erin,Weinhold,3173,erin.weinhold@hotmail.fr
Craig,Jordan,3333,craig.jordan@gmail.com
Homero,Respighi,2262,homero.respighi@gmail.com
Fanny,Pertile,1531,fanny.pertile@gmail.com
Fridolin,Comboni,4881,fridolin.comboni@graf.com
Hugh,Cantu,3928,hugh.cantu@libero.it
Alphons,Simmons,1803,alphons.simmons@hotmail.com
Ludovico,Cafarchia,2321,ludovico.cafarchia@gmail.com
Nico,Kaiser,6234,nico.kaiser@almonte.com
Kirsty,Lamy,1422,kirsty.lamy@alonzi.it
Joshua,Scheibe,2660,joshua.scheibe@turci.org
Carin,Pineau,5361,carin.pineau@yahoo.com
Ellie,Galarza,3420,ellie.galarza@pareto-cattaneo.net
Marion,Lira,4337,marion.lira@ifrance.com
Aurelia,Angiolello,2338,aurelia.angiolello@lord.com
Maura,Ravaglioli,4140,maura.ravaglioli@yahoo.com
Brunhilde,Fletcher,2373,brunhilde.fletcher@schomber.de
Ottfried,Marques,1344,ottfried.marques@tyler-watson.info
Christelle,Blasi,2141,christelle.blasi@morris-chan.com
Augusto,Vercelloni,3415,augusto.vercelloni@club-internet.fr
Michela,Pruvost,5696,michela.pruvost@holt.co.uk
Guarino,Escalante,1798,guarino.escalante@hotmail.com
Gabriela,Padilla,1657,gabriela.padilla@pearson-russell.com
Agathe,Dias,3651,agathe.dias@jackson.com
Werner,Kallert,3574,werner.kallert@gmail.com
Lore,Delaunay,6063,lore.delaunay@yahoo.com
Enzio,Campos,2404,enzio.campos@tim.it
Walther,Duarte,2705,walther.duarte@web.de
Adelgunde,Trevisan,5059,adelgunde.trevisan@gmail.com
Thierry,Schwartz,5466,thierry.schwartz@travaglio.net
Katie,Andersen,5821,katie.andersen@haney.com.au
Kathy,Zamorani,5385,kathy.zamorani@hotmail.com
Giuseppina,Tanguy,3506,giuseppina.tanguy@wanadoo.fr
Jack,Klapp,5427,jack.klapp@hotmail.com.au
Tom,Leconte,6142,tom.leconte@woods-johnson.com
Bonnie,Cignaroli,2873,bonnie.cignaroli@yahoo.com
Danny,Farrell,3916,danny.farrell@hotmail.com
Fiorenzo,Bauer,1687,fiorenzo.bauer@gmail.com
Randy,Alfieri,1542,randy.alfieri@verri.org
Tim,Bradley,3087,tim.bradley@schlosser.de
Yves,Mendez,3857,yves.mendez@gmail.com
Raffaella,Esquivel,5921,raffaella.esquivel@gmail.com
Lawrence,Vasari,3144,lawrence.vasari@castillo.edu
Sam,Adams,2676,sam.adams@yahoo.com
Mirco,Nicolini,3646,mirco.nicolini@blin.net
Graham,Bajardi,1321,graham.bajardi@yahoo.com
Luc,Quinn,1399,luc.quinn@walker.com
Stella,Ullrich,3169,stella.ullrich@hotmail.com.au
Calcedonio,Remy,2058,calcedonio.remy@edwards-benton.com
Nanni,Almaraz,1300,nanni.almaraz@martin.com
Pascual,Corradi,2075,pascual.corradi@lopez.net.au
Kristi,Grant,2984,kristi.grant@yahoo.co.uk
Manuel,Gracia,4768,manuel.gracia@trussardi.eu
Gionata,Hussain,3682,gionata.hussain@yahoo.com
Maria,Nguyen,5901,maria.nguyen@hernadez.com
Leon,Baker,3540,leon.baker@hotmail.com
Gianmarco,Alcaraz,2225,gianmarco.alcaraz@zacchia.net
Derrick,Little,1485,derrick.little@small.org
Terry,Ramirez,5343,terry.ramirez@hotmail.co.uk
Katarina,Clarke,5594,katarina.clarke@hotmail.com.au
Leila,Washington,2482,leila.washington@gmail.com
Mirko,Townsend,2706,mirko.townsend@schmitt.com
Randall,Connolly,4861,randall.connolly@jovinelli-castelli.com
Pia,Burgess,2961,pia.burgess@proyectos.org
Justine,Mancini,3043,justine.mancini@tiscali.it
Reynaldo,Wagenknecht,6103,reynaldo.wagenknecht@faure.com
Toni,Magrassi,4708,toni.magrassi@gmail.com
Patrizio,Cisneros,4395,patrizio.cisneros@martinez.edu.au
Durante,Lindner,4912,durante.lindner@picard.fr
Rosl,Lamborghini,2030,rosl.lamborghini@hiller.net
Ugo,Harrison,5235,ugo.harrison@morley-chapman.co.uk
Isidor,Carpenter,5001,isidor.carpenter@chauvin.com
Marie,Zoppetto,4093,marie.zoppetto@kallert.de
Branko,Chambers,2576,branko.chambers@ifrance.com
Alan,Pineda,6122,alan.pineda@proyectos.info
Carmen,Oestrovsky,2813,carmen.oestrovsky@gmail.com
Shane,Fernandez,3737,shane.fernandez@hotmail.de
Debbie,Guilbert,2803,debbie.guilbert@berg.edu
Vito,Dossi,5508,vito.dossi@hotmail.co.uk
Evan,Schacht,3850,evan.schacht@price.com
Mandy,Weston,4220,mandy.weston@free.fr
Paulo,Zito,4532,paulo.zito@nelson.biz
Alberto,Girschner,6013,alberto.girschner@laboratorios.com
Giacomo,Bouvet,3396,giacomo.bouvet@gmail.com
Ehrentraud,Puga,4401,ehrentraud.puga@laboratorios.com
Cristian,Hale,2981,cristian.hale@hotmail.co.uk
Lilija,Charles,4467,lilija.charles@gmail.com
Albert,Legendre,1377,albert.legendre@lee.com
Marisa,Renaud,5036,marisa.renaud@smith.org
Sharon,Diallo,5761,sharon.diallo@gmail.com
Eduardo,Delattre,3699,eduardo.delattre@lynch.net.au
Bernadette,Wang,4519,bernadette.wang@gmail.com
Dina,Gibbons,5395,dina.gibbons@brewer.net
Clara,Armstrong,3057,clara.armstrong@vodafone.it
Elliott,Herrmann,2741,elliott.herrmann@hotmail.com.au
Graziella,Vidal,1675,graziella.vidal@hotmail.com
Francisca,Becerra,2712,francisca.becerra@young.com.au
Edeltrud,Boyer,4527,edeltrud.boyer@outlook.com
Julian,Noble,1722,julian.noble@hill.org.au
Christophe,Bohnbach,4330,christophe.bohnbach@ifrance.com
Ippazio,Angulo,5219,ippazio.angulo@yahoo.com
Grace,Kroker,4997,grace.kroker@hotmail.com
Jared,Ferguson,2239,jared.ferguson@roberts.com
Virginie,McLean,4587,virginie.mclean@yahoo.com
Mason,Potter,4113,mason.potter@gmail.com
Aaron,Anaya,4762,aaron.anaya@hotmail.com.au
Leah,Ornelas,5242,leah.ornelas@gmail.com
Harald,Roy,5765,harald.roy@web.de
Micaela,Martel,2185,micaela.martel@hotmail.com
Vincentio,Sanders,5500,vincentio.sanders@voila.fr
Bettina,Norbiato,3494,bettina.norbiato@allen-lutz.org
Julio,Renner,3924,julio.renner@industrias.net
Jelena,Stiffel,3521,jelena.stiffel@trupp.de
Guadalupe,Munoz,5262,guadalupe.munoz@murray-hamilton.com.au
Whitney,Noack,3684,whitney.noack@laboratorios.org
Gelsomina,Migliaccio,5784,gelsomina.migliaccio@junk.com
Evangelista,Pereira,1498,evangelista.pereira@thompson-peterson.biz
Gareth,Comolli,6073,gareth.comolli@tiscali.fr
Michelangelo,Hess,4939,michelangelo.hess@bouygtel.fr
